https://sebastianmompour-coder.github.io/apricore/;requirements analysis framework
https://sebastianmompour-coder.github.io/apricore/;apricore
https://sebastianmompour-coder.github.io/apricore/;requirements analysis methodology
https://sebastianmompour-coder.github.io/apricore/;requirements analysis discipline
https://sebastianmompour-coder.github.io/apricore/spec/01-framework/;requirements analysis steps
https://sebastianmompour-coder.github.io/apricore/spec/01-framework/;requirements analysis principles
https://sebastianmompour-coder.github.io/apricore/spec/01-framework/;when to use requirements analysis
https://sebastianmompour-coder.github.io/apricore/spec/02-analyze/;problem vs symptom
https://sebastianmompour-coder.github.io/apricore/spec/02-analyze/;symptom vs root cause
https://sebastianmompour-coder.github.io/apricore/spec/02-analyze/;how to analyze requirements
https://sebastianmompour-coder.github.io/apricore/spec/02-analyze/;problem analysis
https://sebastianmompour-coder.github.io/apricore/spec/03-prioritize/;requirements prioritization
https://sebastianmompour-coder.github.io/apricore/spec/03-prioritize/;how to prioritize requirements
https://sebastianmompour-coder.github.io/apricore/spec/03-prioritize/;prioritization framework
https://sebastianmompour-coder.github.io/apricore/spec/03-prioritize/;feature prioritization
https://sebastianmompour-coder.github.io/apricore/spec/04-communicate/;communicating requirements to stakeholders
https://sebastianmompour-coder.github.io/apricore/spec/04-communicate/;stakeholder communication
https://sebastianmompour-coder.github.io/apricore/spec/04-communicate/;requirements communication
https://sebastianmompour-coder.github.io/apricore/spec/04-communicate/;clarity brief
https://sebastianmompour-coder.github.io/apricore/spec/05-realize/;requirements decision making
https://sebastianmompour-coder.github.io/apricore/spec/05-realize/;actionable requirements
https://sebastianmompour-coder.github.io/apricore/spec/05-realize/;turning analysis into action
https://sebastianmompour-coder.github.io/apricore/spec/05-realize/;hypothesis vs verified
https://sebastianmompour-coder.github.io/apricore/spec/06-disciplines/;evidence based decision making
https://sebastianmompour-coder.github.io/apricore/spec/06-disciplines/;analysis lenses
https://sebastianmompour-coder.github.io/apricore/spec/06-disciplines/;evidence labeling
https://sebastianmompour-coder.github.io/apricore/spec/06-disciplines/;feedback loop
https://sebastianmompour-coder.github.io/apricore/spec/07-output-schema/;requirements analysis template
https://sebastianmompour-coder.github.io/apricore/spec/07-output-schema/;requirements analysis report
https://sebastianmompour-coder.github.io/apricore/spec/07-output-schema/;requirements document structure
https://sebastianmompour-coder.github.io/apricore/spec/07-output-schema/;analysis output format
https://sebastianmompour-coder.github.io/apricore/examples/example-1-vague-ticket/;vague requirements
https://sebastianmompour-coder.github.io/apricore/examples/example-1-vague-ticket/;how to handle vague requirements
https://sebastianmompour-coder.github.io/apricore/examples/example-1-vague-ticket/;unclear requirements
https://sebastianmompour-coder.github.io/apricore/examples/example-1-vague-ticket/;vague feature request
https://sebastianmompour-coder.github.io/apricore/examples/example-2-stakeholder/;stakeholder requirements
https://sebastianmompour-coder.github.io/apricore/examples/example-2-stakeholder/;conflicting stakeholder requirements
https://sebastianmompour-coder.github.io/apricore/examples/example-2-stakeholder/;how to handle stakeholder requests
https://sebastianmompour-coder.github.io/apricore/examples/example-2-stakeholder/;stakeholder request example
https://sebastianmompour-coder.github.io/apricore/prompts/prompt-library/;requirements analysis prompt
https://sebastianmompour-coder.github.io/apricore/prompts/prompt-library/;ai requirements analysis
https://sebastianmompour-coder.github.io/apricore/prompts/prompt-library/;chatgpt for requirements analysis
https://sebastianmompour-coder.github.io/apricore/prompts/prompt-library/;llm prompts for business analysis
